{
  "description": "项目私有配置文件。此文件中的内容将覆盖 project.config.json 中的相同字段。项目的改动优先同步到此文件中。详见文档：https://developers.weixin.qq.com/miniprogram/dev/devtools/projectconfig.html",
  "projectname": "XZS_keTang",
  "setting": {
    "compileHotReLoad": true,
    "urlCheck": true
  },
  "condition": {
    "miniprogram": {
      "list": [
        {
          "name": "",
          "pathName": "pages/news/news",
          "query": "",
          "launchMode": "default",
          "scene": null
        },
        {
          "name": "",
          "pathName": "pages/newsDetail/newsDetail",
          "query": "id=63c38e81e1a35ce43a2689e4",
          "launchMode": "default",
          "scene": null
        },
        {
          "name": "",
          "pathName": "pages/classify/classify",
          "query": "",
          "launchMode": "default",
          "scene": null
        },
        {
          "name": "",
          "pathName": "pages/proDetail/proDetail",
          "query": "",
          "launchMode": "default",
          "scene": null
        },
        {
          "name": "",
          "pathName": "pages/search/search",
          "query": "",
          "launchMode": "default",
          "scene": null
        }
      ]
    }
  }
}